Alfa Romeo|Andre
Alfa Romeo|156
Alfa Romeo|156
Alfa Romeo|MiTo
Alfa Romeo|156
Alfa Romeo|156
Alfa Romeo|159 SportWagon
Alfa Romeo|GT
Alfa Romeo|Giulietta
Alfa Romeo|156
Alfa Romeo|Giulietta
Alfa Romeo|Giulietta
Alfa Romeo|Giulietta
Alfa Romeo|MiTo
Alfa Romeo|GT
Alfa Romeo|MiTo
Alfa Romeo|156
Alfa Romeo|Giulietta
Alfa Romeo|159 SportWagon
Alfa Romeo|159 SportWagon
Alfa Romeo|156
Alfa Romeo|GT
Alfa Romeo|Giulietta
Alfa Romeo|MiTo
Alfa Romeo|Brera
Alfa Romeo|159
Alfa Romeo|GTV
Alfa Romeo|147
Alfa Romeo|156
Alfa Romeo|147
Aston Martin|Vanquish
Aston Martin|DB7
Aston Martin|V8 Vantage
Aston Martin|Andre
Aston Martin|DB7
Aston Martin|DB9
Aston Martin|DB9
Aston Martin|DB9
Aston Martin|V8 Vantage
Aston Martin|V8 Vantage
Aston Martin|V8 Vantage
Aston Martin|Cygnet
Aston Martin|Vanquish
Aston Martin|Rapide
Aston Martin|Rapide
Aston Martin|Andre
Aston Martin|Rapide
Aston Martin|DB9
